<?xml version="1.0" encoding="utf-8"?>
<manifest xmlns="http://www.we7.cc" versionCode="0.8,1.0">
	<application setting="false">
		<name><![CDATA[课堂PC版]]></name>
		<identifie><![CDATA[fy_lessonv2_plugin_pc]]></identifie>
		<version><![CDATA[3.9.5]]></version>
		<type><![CDATA[business]]></type>
		<ability><![CDATA[课堂PC版是微课堂V2主模块的一个插件，是微课堂V2的PC版延伸，课堂PC版继续使用微课堂V2公众号版的数据，因此您需要在公众号版里管理课程、分类、讲师、订单等数据，只需要在课堂PC版里管理PC端的一些设置即可。]]></ability>
		<description><![CDATA[课堂PC版是微课堂V2主模块的一个插件，是微课堂V2的PC版延伸，课堂PC版继续使用微课堂V2公众号版的数据，因此您需要在公众号版里管理课程、分类、讲师、订单等数据，只需要在课堂PC版里管理PC端的一些设置即可。]]></description>
		<author><![CDATA[微擎]]></author>
		<url><![CDATA[http://www.we7.cc/]]></url>
	</application>

	<platform>
		<subscribes>
		</subscribes>

		<handles>
			<message type="text" />
		</handles>

		<rule embed="false" /> 
		<card embed="false" />
		<oauth type="1" />
		
		<supports>
			<item type="app" />
		</supports>
		<plugin-main name="fy_lessonv2" />
	</platform>

	<bindings>
		<menu call="getMenus"> 
		</menu>
	</bindings>

	<permissions>
	</permissions>

	<install><![CDATA[]]></install>
	<uninstall><![CDATA[]]></uninstall>
	<upgrade><![CDATA[ru_rpgrade.php]]></upgrade>

</manifest>
