<?xml version="1.0" encoding="utf-8"?><manifest xmlns="http://www.we7.cc" versionCode="0.6,0.52"><application setting="false" ><name><![CDATA[同域同步]]></name><identifie><![CDATA[fy_lessonv2_plugin_sysnc]]></identifie><version><![CDATA[4.3.2]]></version><type><![CDATA[biz]]></type><ability><![CDATA[快速复制A公众号数据到B公众号，实现快速部署微课堂公众号版数据。]]></ability><description><![CDATA[课堂同步插件主要用于多个公众号之间微课堂数据复制，比如您搭建好了A公众号的微课堂，新建B公众号，可以一键复制A公众号的文章公告、广告列表、基本设置、分销设置、分销等级、课程分类、讲师列表、推荐板块、vip等级、课程表、章节表、课程规格到B公众号。如果您的B公众号云存储参数和A公众号不一致，需要您手动上传相关音视频到B公众号的云存储里。]]></description><author><![CDATA[一手资源QQ353395558]]></author><url><![CDATA[http://www.niuphp.com]]></url></application><platform><subscribes></subscribes><handles><message type="text" /></handles><rule embed="false" /><card embed="false" /><supports><item type="app" /></supports><plugin-main name="fy_lessonv2" /></platform><bindings><menu call="getMenus"><entry call="getMenus" /></menu></bindings><permissions></permissions><install><![CDATA[]]></install><uninstall><![CDATA[]]></uninstall><upgrade><![CDATA[]]></upgrade></manifest>